Feature ID,row m/z,row retention time,peaks,ADULT_1,ADULT_2,Adult_ave,NEONATE_1,NEONATE_2,Neonate_ave,Overall_ave,fold_change,
641.329:18.5,641.3290405,18.47654167,4,6.6E+08,6.9E+08,6.8E+08,2.4E+09,2.4E+09,2.4E+09,1.5E+09,-1.8,
8672.7719:26.3,8672.771851,26.28429167,4,1.3E+09,1.0E+09,1.2E+09,1.3E+09,3.5E+08,8.3E+08,9.9E+08,0.5,
8203.6607:32.2,8203.66074,32.23258333,2,5.4E+08,3.9E+08,4.7E+08,1.8E+09,5.0E+08,1.2E+09,8.1E+08,-1.3,
8247.6268:26.9,8247.626831,26.94704167,4,8.5E+08,9.1E+08,8.8E+08,3.4E+08,3.2E+08,3.3E+08,6.1E+08,1.4,
8374.6587:33.9,8374.658691,33.878,2,1.1E+09,4.1E+08,7.6E+08,4.4E+08,1.1E+08,2.8E+08,5.2E+08,1.5,
698.3505:16.7,698.3504562,16.6773625,4,1.4E+08,1.4E+08,1.4E+08,6.6E+08,6.6E+08,6.6E+08,4.0E+08,-2.2,
883.4306:15.6,883.4305954,15.57839167,4,1.9E+08,1.9E+08,1.9E+08,5.9E+08,5.8E+08,5.9E+08,3.9E+08,-1.6,
9983.5149:24.9,9983.514925,24.948,2,6.4E+08,2.3E+08,4.4E+08,2.5E+08,3.2E+08,2.9E+08,3.6E+08,0.6,
785.3714:17.4,785.3714066,17.38983333,4,3.4E+08,3.6E+08,3.5E+08,1.7E+08,1.6E+08,1.7E+08,2.6E+08,1.1,
671.2919:20.5,671.2918549,20.54466667,4,2.8E+08,2.9E+08,2.9E+08,1.8E+08,1.9E+08,1.9E+08,2.4E+08,0.6,
8204.6653:32.5,8204.665283,32.51891667,2,1.5E+08,1.8E+08,1.7E+08,4.0E+08,2.0E+08,3.0E+08,2.3E+08,-0.9,
9977.5667:23.6,9977.56665,23.60395833,4,6.2E+08,1.9E+08,4.1E+08,8.1E+07,6.0E+05,4.1E+07,2.2E+08,3.3,
348.1336:1.5,348.1336174,1.484470833,4,2.8E+08,2.9E+08,2.9E+08,5.1E+05,2.8E+08,1.4E+08,2.1E+08,1.0,
9978.5491:24.2,9978.549093,24.190625,2,4.1E+08,2.8E+08,3.5E+08,4.5E+06,5.3E+06,4.9E+06,1.7E+08,6.1,
8248.6329:27.4,8248.632935,27.38975,4,2.2E+08,2.4E+08,2.3E+08,6.8E+07,6.5E+07,6.7E+07,1.5E+08,1.8,
9977.5279:24.1,9977.527941,24.140375,2,1.4E+08,3.6E+07,8.8E+07,2.3E+08,1.3E+08,1.8E+08,1.3E+08,-1.0,
10114.6037:24.6,10114.60367,24.60695833,2,1.1E+08,1.5E+08,1.3E+08,1.6E+08,1.1E+08,1.4E+08,1.3E+08,-0.1,
2200.9614:40.1,2200.961426,40.07183333,4,2.2E+07,3.3E+07,2.8E+07,2.2E+08,2.3E+08,2.3E+08,1.3E+08,-3.0,
453.259:6.3,453.2590027,6.33295,4,1.5E+08,1.5E+08,1.5E+08,8.3E+07,8.3E+07,8.3E+07,1.2E+08,0.9,
455.2494:4.2,455.2494011,4.238416667,4,8.7E+07,8.8E+07,8.8E+07,1.2E+08,1.1E+08,1.2E+08,1.0E+08,-0.4,
10108.624:23.4,10108.62404,23.35091667,2,1.7E+08,2.3E+07,9.7E+07,1.4E+08,6.7E+07,1.0E+08,1.0E+08,-0.1,
913.4297:16,913.4297028,15.99411667,4,7.2E+07,6.9E+07,7.1E+07,1.3E+08,1.2E+08,1.3E+08,9.8E+07,-0.8,
9828.4709:26,9828.47095,25.95454167,2,1.3E+08,6.7E+07,9.9E+07,8.1E+07,1.1E+08,9.6E+07,9.7E+07,0.0,
10107.6396:23.2,10107.63956,23.22270833,2,2.4E+08,4.2E+07,1.4E+08,4.8E+07,5.7E+07,5.3E+07,9.7E+07,1.4,
8260.6591:33.9,8260.659071,33.85966667,2,4.4E+05,0.0E+00,2.2E+05,2.2E+08,1.6E+08,1.9E+08,9.5E+07,-9.8,
6020.699:15.4,6020.699036,15.371125,4,6.1E+06,1.6E+07,1.1E+07,1.4E+08,1.6E+08,1.5E+08,8.1E+07,-3.8,
384.1085:1.2,384.1085052,1.241404167,4,9.8E+07,7.9E+06,5.3E+07,8.7E+07,1.0E+08,9.4E+07,7.3E+07,-0.8,
469.2537:15.7,469.2536774,15.7146125,4,3.8E+07,3.5E+07,3.7E+07,9.8E+07,1.1E+08,1.0E+08,7.0E+07,-1.5,
8671.7645:25.9,8671.764526,25.93425,2,2.2E+08,3.1E+07,1.3E+08,1.9E+07,1.0E+07,1.5E+07,7.0E+07,3.1,
9984.5378:25,9984.537781,25.04904167,2,5.9E+07,8.8E+07,7.4E+07,1.0E+08,1.8E+07,5.9E+07,6.6E+07,0.3,
693.2739:20.5,693.2739487,20.53808333,4,8.8E+07,6.2E+07,7.5E+07,4.6E+07,5.5E+07,5.1E+07,6.3E+07,0.6,
434.2075:37.4,434.2074509,37.359625,4,5.8E+07,5.6E+07,5.7E+07,5.7E+07,6.2E+07,6.0E+07,5.8E+07,-0.1,
2200.9243:31,2200.924286,31.00683333,4,6.4E+07,7.6E+07,7.0E+07,2.9E+07,4.9E+07,3.9E+07,5.5E+07,0.8,
8373.6617:33.5,8373.661743,33.481625,4,2.9E+07,6.7E+07,4.8E+07,1.1E+08,7.5E+06,5.9E+07,5.3E+07,-0.3,
452.2181:37.4,452.2180519,37.364375,4,4.0E+07,4.9E+07,4.5E+07,6.6E+07,4.9E+07,5.8E+07,5.1E+07,-0.4,
8275.7227:31.1,8275.722656,31.06133333,2,0.0E+00,0.0E+00,0.0E+00,5.2E+07,1.5E+08,1.0E+08,5.1E+07,#ZAHL!,
9960.5469:25.8,9960.546946,25.79545833,2,2.2E+07,1.0E+08,6.1E+07,5.9E+06,5.3E+07,2.9E+07,4.5E+07,1.1,
9856.4605:25,9856.460504,25.04958333,2,1.0E+08,1.6E+07,5.8E+07,3.8E+07,2.3E+07,3.1E+07,4.4E+07,0.9,
709.2389:20.5,709.2389145,20.54741667,4,5.8E+07,4.1E+07,5.0E+07,3.8E+07,3.2E+07,3.5E+07,4.2E+07,0.5,
474.2:37.4,474.199955,37.35729167,4,4.2E+07,3.1E+07,3.7E+07,5.2E+07,3.8E+07,4.5E+07,4.1E+07,-0.3,
6190.7415:24.4,6190.741516,24.40495833,4,2.2E+07,5.8E+07,4.0E+07,3.8E+07,3.3E+07,3.6E+07,3.8E+07,0.2,
4414.9423:37.1,4414.942322,37.0955,4,1.2E+07,1.3E+07,1.3E+07,3.1E+07,9.4E+07,6.3E+07,3.8E+07,-2.3,
680.3401:15.6,680.3401184,15.56162083,4,2.5E+07,3.4E+07,3.0E+07,2.2E+07,6.6E+07,4.4E+07,3.7E+07,-0.6,
2243.9779:30.9,2243.977907,30.93116667,2,5.9E+07,5.9E+07,5.9E+07,4.5E+06,1.4E+07,9.3E+06,3.4E+07,2.7,
491.2356:15.7,491.2356071,15.72162083,4,1.4E+07,1.3E+07,1.4E+07,5.3E+07,2.5E+07,3.9E+07,2.6E+07,-1.5,
8672.7726:27.4,8672.772588,27.378,2,8.0E+06,2.6E+07,1.7E+07,4.8E+07,2.1E+07,3.5E+07,2.6E+07,-1.0,
8374.6633:34.4,8374.66333,34.42679167,4,4.5E+07,1.7E+07,3.1E+07,2.5E+07,1.4E+07,2.0E+07,2.5E+07,0.7,
5845.4581:36.9,5845.45813,36.90829167,4,2.1E+07,1.9E+07,2.0E+07,1.7E+07,4.4E+07,3.1E+07,2.5E+07,-0.6,
5672.6347:27.5,5672.634705,27.522375,4,3.5E+07,3.7E+07,3.6E+07,9.0E+06,1.9E+07,1.4E+07,2.5E+07,1.4,
685.2932:18.5,685.2932112,18.48566667,2,2.7E+06,9.2E+05,1.8E+06,5.6E+07,3.9E+07,4.8E+07,2.5E+07,-4.7,
6021.6529:16.8,6021.652928,16.77791667,2,3.4E+07,4.3E+07,3.9E+07,5.9E+06,1.3E+07,9.5E+06,2.4E+07,2.0,
1686.7498:21.9,1686.749802,21.91916667,4,2.0E+07,1.8E+07,1.9E+07,2.5E+07,2.6E+07,2.6E+07,2.2E+07,-0.4,
663.311:18.5,663.3110046,18.48591667,4,1.5E+07,7.7E+06,1.1E+07,2.6E+07,3.6E+07,3.1E+07,2.1E+07,-1.4,
9700.4205:26,9700.420532,25.9545,4,3.3E+07,1.9E+07,2.6E+07,6.0E+06,2.5E+07,1.6E+07,2.1E+07,0.7,
623.3182:16.7,623.3182449,16.68670833,4,3.5E+06,1.2E+07,7.8E+06,4.1E+07,2.1E+07,3.1E+07,1.9E+07,-2.0,
543.2331:22.2,543.2330933,22.23045833,4,2.8E+07,3.0E+07,2.9E+07,8.3E+06,9.5E+06,8.9E+06,1.9E+07,1.7,
2222.9423:40.1,2222.942322,40.07183333,4,3.8E+06,2.2E+06,3.0E+06,2.7E+07,4.2E+07,3.5E+07,1.9E+07,-3.5,
8204.6716:33.3,8204.671606,33.30095833,2,9.7E+06,6.8E+06,8.3E+06,3.5E+07,2.1E+07,2.8E+07,1.8E+07,-1.8,
905.4126:15.6,905.4125595,15.57359583,4,1.1E+07,1.0E+07,1.1E+07,6.0E+06,4.4E+07,2.5E+07,1.8E+07,-1.3,
8411.5875:34,8411.587541,33.97204167,2,9.9E+06,2.4E+07,1.7E+07,1.1E+07,2.6E+07,1.9E+07,1.8E+07,-0.1,
623.3185:15.6,623.318512,15.64022917,4,4.0E+06,4.9E+06,4.5E+06,2.6E+07,3.5E+07,3.1E+07,1.7E+07,-2.8,
398.2282:6,398.228157,6.007008333,4,6.6E+05,6.7E+06,3.7E+06,3.1E+07,2.9E+07,3.0E+07,1.7E+07,-3.0,
2366.0153:25,2366.015289,24.975375,4,9.8E+06,3.3E+07,2.1E+07,1.1E+07,1.3E+07,1.2E+07,1.7E+07,0.8,
446.192:56.7,446.1920013,56.65195833,4,2.1E+07,1.2E+07,1.7E+07,2.0E+07,9.5E+06,1.5E+07,1.6E+07,0.2,
3806.722:12.6,3806.721985,12.61654167,4,2.4E+06,2.1E+06,2.3E+06,2.8E+07,2.9E+07,2.9E+07,1.5E+07,-3.7,
625.2714:6.1,625.2713547,6.139458333,4,2.6E+07,2.2E+07,2.4E+07,1.2E+06,1.2E+07,6.6E+06,1.5E+07,1.9,
543.254:7.7,543.2540207,7.710783333,4,1.9E+07,2.4E+07,2.2E+07,5.0E+06,1.2E+07,8.5E+06,1.5E+07,1.3,
8203.639:26.9,8203.638997,26.9155,2,2.9E+05,0.0E+00,1.5E+05,1.1E+07,4.6E+07,2.9E+07,1.4E+07,-7.6,
398.2438:56.2,398.243782,56.23483333,4,1.6E+07,6.9E+06,1.1E+07,1.7E+07,1.6E+07,1.7E+07,1.4E+07,-0.5,
1074.4138:15,1074.413788,15.00079583,4,2.3E+07,4.8E+06,1.4E+07,9.1E+06,1.7E+07,1.3E+07,1.3E+07,0.1,
736.2974:16.7,736.2973785,16.66564583,4,3.4E+06,4.0E+06,3.7E+06,2.4E+07,2.2E+07,2.3E+07,1.3E+07,-2.6,
582.1241:1.4,582.1241302,1.430295833,4,1.4E+07,1.4E+07,1.4E+07,5.9E+06,1.7E+07,1.1E+07,1.3E+07,0.3,
7752.4154:32.3,7752.415415,32.33329167,2,4.2E+06,1.1E+07,7.6E+06,2.7E+07,8.5E+06,1.8E+07,1.3E+07,-1.2,
8373.6569:34.6,8373.656901,34.63945833,2,8.0E+06,1.4E+07,1.1E+07,2.1E+07,7.6E+06,1.4E+07,1.3E+07,-0.4,
8710.7064:26.5,8710.706421,26.54066667,4,6.3E+06,3.2E+07,1.9E+07,1.4E+06,9.3E+06,5.4E+06,1.2E+07,1.8,
568.2176:17.8,568.2175598,17.75495833,4,1.5E+07,1.6E+07,1.6E+07,8.9E+06,9.1E+06,9.0E+06,1.2E+07,0.8,
9850.4712:24.2,9850.471151,24.1795,2,9.0E+06,7.9E+06,8.5E+06,2.3E+07,8.2E+06,1.6E+07,1.2E+07,-0.9,
9983.5399:25.4,9983.539917,25.407625,2,3.0E+07,2.6E+06,1.6E+07,4.4E+06,1.0E+07,7.2E+06,1.2E+07,1.2,
4872.1324:26.6,4872.132446,26.64541667,4,1.9E+07,1.2E+07,1.6E+07,2.4E+06,1.3E+07,7.7E+06,1.2E+07,1.0,
8203.6576:33.5,8203.657633,33.49620833,2,1.7E+06,3.4E+06,2.6E+06,2.6E+07,1.5E+07,2.1E+07,1.2E+07,-3.0,
434.2075:36.2,434.2074738,36.167875,4,1.0E+07,1.6E+07,1.3E+07,1.1E+07,8.4E+06,9.7E+06,1.1E+07,0.4,
892.1611:1.1,892.1610692,1.078220833,2,1.7E+07,6.0E+06,1.2E+07,1.5E+07,7.3E+06,1.1E+07,1.1E+07,0.0,
362.1494:2.6,362.1494408,2.560179167,4,1.1E+07,1.6E+07,1.4E+07,2.1E+06,1.6E+07,9.1E+06,1.1E+07,0.6,
615.1703:48.4,615.1703186,48.36675,2,0.0E+00,0.0E+00,0.0E+00,2.0E+07,2.4E+07,2.2E+07,1.1E+07,#ZAHL!,
8230.6212:27,8230.621216,26.99408333,2,1.5E+07,2.4E+07,2.0E+07,1.8E+06,2.8E+06,2.3E+06,1.1E+07,3.1,
4457.96:29.4,4457.960012,29.423875,2,2.1E+07,1.4E+07,1.8E+07,6.8E+06,1.5E+06,4.2E+06,1.1E+07,2.1,
1476.7967:24.9,1476.796733,24.85166667,2,1.1E+06,4.1E+06,2.6E+06,1.9E+07,1.9E+07,1.9E+07,1.1E+07,-2.9,
8616.7231:28.8,8616.723145,28.77191667,2,0.0E+00,0.0E+00,0.0E+00,3.3E+07,8.8E+06,2.1E+07,1.0E+07,#ZAHL!,
8204.6471:27.3,8204.647135,27.29311111,2,0.0E+00,2.5E+05,1.3E+05,1.6E+07,2.5E+07,2.1E+07,1.0E+07,-7.4,
8220.66419999999:30.4,8220.664185,30.37879167,2,1.7E+05,1.7E+05,1.7E+05,3.1E+07,7.7E+06,1.9E+07,9.8E+06,-6.8,
437.2388:16.7,437.2388306,16.66564583,4,2.0E+06,2.0E+06,2.0E+06,1.9E+07,1.6E+07,1.8E+07,9.8E+06,-3.1,
679.2759:18.5,679.2759399,18.53408333,4,6.1E+06,9.1E+06,7.6E+06,9.2E+06,1.4E+07,1.2E+07,9.6E+06,-0.6,
436.1866:48.7,436.1866188,48.698875,4,1.1E+07,7.7E+06,9.4E+06,1.4E+07,5.6E+06,9.8E+06,9.6E+06,-0.1,
720.3323:16.7,720.3322584,16.67737083,2,6.2E+06,5.5E+06,5.9E+06,9.2E+06,1.7E+07,1.3E+07,9.5E+06,-1.2,
562.0389:2.9,562.038887,2.946491667,4,1.4E+07,1.3E+07,1.4E+07,1.3E+06,9.1E+06,5.2E+06,9.4E+06,1.4,
6021.6986:15.9,6021.698618,15.90062917,2,4.3E+05,7.6E+05,6.0E+05,1.9E+07,1.6E+07,1.8E+07,9.0E+06,-4.9,
420.2257:56.2,420.225666,56.20441667,4,9.5E+06,1.1E+07,1.0E+07,9.9E+06,5.4E+06,7.7E+06,9.0E+06,0.4,
8833.8043:26.2,8833.804272,26.23766667,2,5.5E+06,3.2E+06,4.4E+06,1.8E+07,9.0E+06,1.4E+07,8.9E+06,-1.6,
8204.6707:34.1,8204.670679,34.144875,2,8.5E+05,2.4E+06,1.6E+06,1.8E+07,1.4E+07,1.6E+07,8.8E+06,-3.3,
1234.6963:27.4,1234.696259,27.37329167,2,1.8E+06,1.2E+06,1.5E+06,1.6E+07,1.6E+07,1.6E+07,8.8E+06,-3.4,
8654.739:26.2,8654.739014,26.22779167,2,1.5E+07,1.3E+07,1.4E+07,1.9E+06,4.9E+06,3.4E+06,8.7E+06,2.0,
921.3773:15.6,921.3773117,15.60229167,4,1.2E+06,3.2E+06,2.2E+06,5.0E+06,2.5E+07,1.5E+07,8.6E+06,-2.8,
2238.9083:40.1,2238.908328,40.07179167,2,2.5E+05,2.6E+06,1.4E+06,1.5E+07,1.6E+07,1.6E+07,8.5E+06,-3.4,
8203.6557:30.4,8203.655713,30.44933333,2,5.7E+05,4.9E+05,5.3E+05,2.3E+07,8.6E+06,1.6E+07,8.2E+06,-4.9,
8412.6066:34,8412.606567,34.04545833,4,1.3E+07,8.7E+05,6.9E+06,1.6E+07,2.0E+06,9.0E+06,8.0E+06,-0.4,
1818.8034:18.8,1818.803421,18.75725,4,6.5E+06,6.5E+06,6.5E+06,8.8E+06,8.8E+06,8.8E+06,7.7E+06,-0.4,
1370.6578:18.8,1370.657761,18.8355,4,5.1E+06,5.0E+06,5.1E+06,9.2E+06,1.1E+07,1.0E+07,7.6E+06,-1.0,
490.165:37.4,490.1649704,37.423,4,5.8E+06,6.7E+06,6.3E+06,1.5E+07,2.8E+06,8.9E+06,7.6E+06,-0.5,
927.3951:15.6,927.395052,15.56160833,2,2.9E+06,1.3E+06,2.1E+06,1.3E+07,1.3E+07,1.3E+07,7.6E+06,-2.6,
8242.6066:32.4,8242.606604,32.4175,2,4.1E+06,5.0E+06,4.6E+06,1.7E+06,1.9E+07,1.0E+07,7.5E+06,-1.2,
554.0405:1.2,554.0404663,1.203208333,4,8.9E+06,6.1E+06,7.5E+06,9.7E+06,5.0E+06,7.4E+06,7.4E+06,0.0,
697.3668:15.6,697.3667595,15.6062625,2,3.4E+06,4.1E+06,3.8E+06,1.2E+07,9.7E+06,1.1E+07,7.3E+06,-1.5,
8834.8204:26.3,8834.820374,26.26508333,2,1.2E+06,1.5E+06,1.4E+06,2.0E+06,2.4E+07,1.3E+07,7.2E+06,-3.3,
302.0522:1.4,302.0522118,1.4225375,4,6.6E+06,1.5E+07,1.1E+07,5.2E+06,1.8E+06,3.5E+06,7.2E+06,1.6,
823.3181:17.4,823.3181,17.37579167,4,1.0E+07,7.9E+06,9.0E+06,5.1E+06,5.3E+06,5.2E+06,7.1E+06,0.8,
524.0788:1.5,524.0788299,1.5308125,2,7.8E+06,7.2E+06,7.5E+06,8.3E+06,5.0E+06,6.7E+06,7.1E+06,0.2,
700.2635:36.9,700.2635193,36.88095833,4,6.8E+06,5.7E+06,6.3E+06,1.5E+07,5.8E+05,7.8E+06,7.0E+06,-0.3,
2366.0144:24,2366.014364,24.02191667,2,5.3E+06,5.3E+06,5.3E+06,1.2E+07,4.8E+06,8.4E+06,6.9E+06,-0.7,
8229.6238:26.9,8229.623779,26.91983333,2,6.7E+06,7.9E+06,7.3E+06,4.6E+06,8.1E+06,6.4E+06,6.8E+06,0.2,
2364.0112:25.7,2364.011169,25.70508333,4,1.3E+07,7.1E+06,1.0E+07,3.6E+06,3.6E+06,3.6E+06,6.8E+06,1.5,
3817.6459:19.1,3817.645905,19.084125,4,8.5E+06,1.0E+07,9.3E+06,3.4E+06,5.1E+06,4.3E+06,6.8E+06,1.1,
586.0304:1.1,586.0304159,1.051072222,2,8.5E+06,7.5E+06,8.0E+06,0.0E+00,1.1E+07,5.5E+06,6.8E+06,0.5,
8285.5754:26.9,8285.575439,26.926875,2,1.0E+07,1.3E+07,1.2E+07,1.3E+06,9.8E+05,1.1E+06,6.3E+06,3.3,
742.314:16.7,742.3140361,16.6985,2,1.4E+06,3.8E+05,8.9E+05,9.1E+06,1.4E+07,1.2E+07,6.2E+06,-3.7,
2238.8716:31,2238.871621,31.02541667,2,1.0E+07,8.8E+06,9.4E+06,1.3E+06,4.2E+06,2.8E+06,6.1E+06,1.8,
8203.6638:35.4,8203.663818,35.41733333,4,8.3E+05,6.0E+05,7.2E+05,6.7E+06,1.6E+07,1.1E+07,6.0E+06,-4.0,
2018.8869:26.9,2018.886871,26.94725,4,3.2E+06,1.3E+07,8.1E+06,1.6E+06,6.3E+06,4.0E+06,6.0E+06,1.0,
2216.9576:35.8,2216.957581,35.8045,2,0.0E+00,0.0E+00,0.0E+00,8.9E+06,1.5E+07,1.2E+07,6.0E+06,#ZAHL!,
8248.6348:27.9,8248.634753,27.94508333,2,1.5E+07,3.5E+06,9.3E+06,2.4E+06,2.8E+06,2.6E+06,5.9E+06,1.8,
539.0712:1.2,539.0712051,1.212129167,4,3.9E+06,2.7E+06,3.3E+06,9.1E+06,7.6E+06,8.4E+06,5.8E+06,-1.3,
8655.7459:26.4,8655.745931,26.35108333,2,5.7E+06,8.4E+06,7.1E+06,9.7E+05,8.0E+06,4.5E+06,5.8E+06,0.7,
8373.6696:35.7,8373.669556,35.74845833,4,8.5E+06,6.6E+06,7.6E+06,4.6E+06,3.3E+06,4.0E+06,5.8E+06,0.9,
534.2961:40.8,534.2961349,40.81766667,4,8.4E+06,5.4E+06,6.9E+06,5.3E+06,3.9E+06,4.6E+06,5.8E+06,0.6,
1233.6596:5.2,1233.659559,5.174033333,2,1.0E+07,8.5E+06,9.3E+06,2.3E+06,1.9E+06,2.1E+06,5.7E+06,2.1,
8203.6604:39.4,8203.66037,39.44604167,2,7.0E+05,2.3E+05,4.7E+05,2.7E+06,1.9E+07,1.1E+07,5.7E+06,-4.5,
866.4043:15.6,866.404274,15.58057917,4,1.6E+06,1.6E+06,1.6E+06,6.4E+06,1.3E+07,9.7E+06,5.7E+06,-2.6,
398.1241:2.2,398.1240883,2.221933333,4,9.4E+06,2.9E+06,6.2E+06,9.1E+05,9.3E+06,5.1E+06,5.6E+06,0.3,
554.2699:2.2,554.2699187,2.1960625,2,3.6E+06,4.2E+06,3.9E+06,8.3E+06,6.4E+06,7.4E+06,5.6E+06,-0.9,
1781.7999:7.7,1781.799896,7.7384,4,6.7E+06,7.0E+06,6.9E+06,4.4E+06,4.3E+06,4.4E+06,5.6E+06,0.7,
941.3493:8,941.3493195,8.007758333,4,3.9E+06,4.5E+06,4.2E+06,7.9E+06,6.1E+06,7.0E+06,5.6E+06,-0.7,
539.0711:1.9,539.0710678,1.890154167,4,2.2E+06,4.0E+06,3.1E+06,7.7E+06,8.5E+06,8.1E+06,5.6E+06,-1.4,
507.2006:15.8,507.2005768,15.76190833,4,1.1E+06,2.6E+06,1.9E+06,9.2E+06,9.4E+06,9.3E+06,5.6E+06,-2.3,
480.0342:1.2,480.034153,1.2055625,4,2.9E+06,4.8E+06,3.9E+06,1.3E+07,1.4E+06,7.2E+06,5.5E+06,-0.9,
653.2813:20.6,653.2813339,20.56866667,4,5.6E+06,5.1E+06,5.4E+06,4.3E+06,7.0E+06,5.7E+06,5.5E+06,-0.1,
3807.6718:14.7,3807.671783,14.66758333,4,8.8E+06,9.1E+06,9.0E+06,2.0E+06,1.9E+06,2.0E+06,5.5E+06,2.2,
715.256:20.5,715.2560043,20.53970833,4,4.2E+06,8.0E+06,6.1E+06,2.8E+06,6.3E+06,4.6E+06,5.3E+06,0.4,
544.0846:2,544.0845795,1.9631625,4,8.6E+06,6.4E+06,7.5E+06,4.6E+06,1.7E+06,3.2E+06,5.3E+06,1.3,
513.2177:15.7,513.2177213,15.71833333,2,4.1E+05,9.4E+05,6.8E+05,5.8E+06,1.4E+07,9.9E+06,5.3E+06,-3.9,
9525.3098:24.1,9525.309774,24.12370833,2,3.8E+06,2.4E+05,2.0E+06,1.0E+07,7.1E+06,8.6E+06,5.3E+06,-2.1,
565.2363:7.7,565.2362671,7.697408333,4,3.1E+06,8.0E+06,5.6E+06,6.5E+06,2.7E+06,4.6E+06,5.1E+06,0.3,
788.1283:1.2,788.1282959,1.244104167,4,3.3E+06,2.3E+06,2.8E+06,3.3E+06,1.1E+07,7.2E+06,5.0E+06,-1.4,
8276.7225:31.2,8276.722514,31.23729167,2,1.5E+05,1.6E+05,1.6E+05,1.5E+07,4.2E+06,9.6E+06,4.9E+06,-6.0,
14856.5863:29.4,14856.5863,29.423875,2,3.4E+06,1.1E+07,7.2E+06,1.9E+06,3.2E+06,2.6E+06,4.9E+06,1.5,
1334.498:17.5,1334.498032,17.49145833,4,6.1E+06,4.3E+06,5.2E+06,4.8E+06,4.3E+06,4.6E+06,4.9E+06,0.2,
452.0798:1.4,452.0797744,1.400145833,2,3.9E+06,3.1E+06,3.5E+06,4.5E+06,7.8E+06,6.2E+06,4.8E+06,-0.8,
1096.396:15,1096.395996,15.02930833,4,6.8E+06,2.2E+06,4.5E+06,5.3E+06,4.9E+06,5.1E+06,4.8E+06,-0.2,
562.026:2.3,562.0259705,2.272541667,4,9.9E+06,4.6E+06,7.3E+06,1.1E+06,3.3E+06,2.2E+06,4.7E+06,1.7,
8356.6338:34.1,8356.633789,34.08404167,4,3.0E+06,1.1E+07,7.0E+06,1.6E+06,3.1E+06,2.4E+06,4.7E+06,1.6,
951.3764:16,951.3764114,15.989475,4,3.7E+06,3.8E+06,3.8E+06,3.5E+06,7.5E+06,5.5E+06,4.6E+06,-0.6,
6320.9667:29.4,6320.966675,29.4145,4,5.8E+06,8.0E+06,6.9E+06,3.1E+06,1.5E+06,2.3E+06,4.6E+06,1.6,
8203.659:36.9,8203.659012,36.86858333,2,3.5E+05,1.5E+05,2.5E+05,3.8E+06,1.4E+07,8.9E+06,4.6E+06,-5.2,
8186.6489:32.1,8186.648881,32.13079167,2,1.3E+06,1.4E+06,1.4E+06,9.8E+06,5.7E+06,7.8E+06,4.6E+06,-2.5,
2216.9876:26.9,2216.98764,26.94720833,2,4.5E+06,8.8E+06,6.7E+06,1.1E+06,3.7E+06,2.4E+06,4.5E+06,1.5,
721.2641:2.6,721.2640839,2.620570833,4,4.3E+06,3.7E+06,4.0E+06,6.7E+06,3.4E+06,5.1E+06,4.5E+06,-0.3,
8247.6315:28.3,8247.63147,28.29604167,4,6.8E+06,9.8E+06,8.3E+06,7.3E+05,7.5E+05,7.4E+05,4.5E+06,3.5,
8672.7693:28.2,8672.769287,28.23233333,4,2.7E+06,8.0E+06,5.4E+06,1.7E+06,5.6E+06,3.7E+06,4.5E+06,0.6,
636.0352:1.4,636.0352198,1.380783333,2,8.6E+06,2.4E+06,5.5E+06,1.9E+06,5.0E+06,3.5E+06,4.5E+06,0.7,
9828.4751:26.8,9828.475098,26.79908333,2,1.2E+06,1.1E+07,6.1E+06,5.2E+06,4.7E+05,2.8E+06,4.5E+06,1.1,
8374.6589:35.8,8374.658915,35.80158333,2,2.5E+06,9.9E+06,6.2E+06,1.6E+06,3.6E+06,2.6E+06,4.4E+06,1.3,
2222.9052:31,2222.905172,31.006875,2,7.8E+06,5.6E+06,6.7E+06,2.2E+06,1.3E+06,1.8E+06,4.2E+06,1.9,
734.3275:9.1,734.3275299,9.075033333,4,3.6E+06,3.6E+06,3.6E+06,4.8E+06,4.7E+06,4.8E+06,4.2E+06,-0.4,
6077.7185:19.7,6077.718506,19.73225,2,0.0E+00,0.0E+00,0.0E+00,7.4E+06,9.2E+06,8.3E+06,4.2E+06,#ZAHL!,
561.255:16,561.2550278,15.9942,4,2.3E+06,2.8E+06,2.6E+06,5.9E+06,5.6E+06,5.8E+06,4.2E+06,-1.2,
10167.1864:41,10167.1864,40.996875,4,3.3E+06,4.1E+06,3.7E+06,4.5E+06,4.6E+06,4.6E+06,4.1E+06,-0.3,
590.1995:17.7,590.1995392,17.73575,4,2.7E+06,7.3E+06,5.0E+06,3.7E+06,2.8E+06,3.3E+06,4.1E+06,0.6,
450.1843:45.6,450.1842515,45.58833333,2,8.3E+05,4.2E+05,6.3E+05,8.2E+06,6.7E+06,7.5E+06,4.0E+06,-3.6,
743.2461:2.6,743.2461166,2.632116667,4,3.7E+06,3.2E+06,3.5E+06,4.2E+06,5.0E+06,4.6E+06,4.0E+06,-0.4,
1708.7318:21.9,1708.731827,21.91891667,4,1.7E+06,3.2E+06,2.5E+06,5.4E+06,5.5E+06,5.5E+06,4.0E+06,-1.2,
496.182:37.4,496.1820089,37.35729167,2,4.4E+06,3.9E+06,4.2E+06,3.4E+06,4.0E+06,3.7E+06,3.9E+06,0.2,
653.2813:16,653.281311,16.00107917,4,3.1E+06,1.4E+06,2.3E+06,4.9E+06,6.1E+06,5.5E+06,3.9E+06,-1.3,
474.2:36.1,474.1999702,36.101,4,2.7E+06,5.2E+06,4.0E+06,1.8E+06,5.8E+06,3.8E+06,3.9E+06,0.1,
736.0643:1.2,736.0642846,1.155708333,2,3.7E+06,5.0E+06,4.4E+06,1.9E+06,4.6E+06,3.3E+06,3.8E+06,0.4,
8203.6588:41.2,8203.658838,41.204625,2,1.2E+05,2.2E+05,1.7E+05,6.9E+06,7.9E+06,7.4E+06,3.8E+06,-5.4,
674.3392:16,674.3391571,15.9942,4,2.3E+06,2.6E+06,2.5E+06,5.6E+06,4.4E+06,5.0E+06,3.7E+06,-1.0,
378.0398:37.4,378.0397911,37.387875,4,4.8E+06,1.5E+06,3.2E+06,3.8E+06,4.7E+06,4.3E+06,3.7E+06,-0.4,
3196.5413:20.2,3196.54129,20.24516667,2,6.3E+06,6.7E+06,6.5E+06,6.8E+05,8.9E+05,7.9E+05,3.6E+06,3.0,
8203.6676:36.2,8203.667643,36.23354167,2,8.1E+05,4.3E+05,6.2E+05,4.4E+06,8.9E+06,6.7E+06,3.6E+06,-3.4,
2265.9602:30.9,2265.960241,30.89129167,2,5.9E+06,7.8E+06,6.9E+06,1.5E+04,8.2E+05,4.2E+05,3.6E+06,4.0,
1380.5309:20.6,1380.530899,20.57275,4,3.2E+06,8.2E+06,5.7E+06,1.6E+06,1.0E+06,1.3E+06,3.5E+06,2.1,
2119.9342:26.9,2119.934204,26.94770833,4,7.2E+06,3.6E+06,5.4E+06,2.3E+06,8.8E+05,1.6E+06,3.5E+06,1.8,
8204.66419999999:36.5,8204.664225,36.46045833,2,2.5E+05,8.9E+05,5.7E+05,3.5E+06,8.9E+06,6.2E+06,3.4E+06,-3.4,
424.2078:59.7,424.2077637,59.74570833,4,2.3E+06,3.2E+06,2.8E+06,3.6E+06,4.4E+06,4.0E+06,3.4E+06,-0.5,
8203.6573:37.9,8203.657251,37.91441667,2,2.4E+05,7.9E+05,5.2E+05,4.1E+06,8.2E+06,6.2E+06,3.3E+06,-3.6,
8286.5718:26.9,8286.571808,26.94783333,2,3.4E+06,3.5E+06,3.5E+06,1.6E+06,4.8E+06,3.2E+06,3.3E+06,0.1,
663.2909:5.5,663.290863,5.50015,4,2.6E+06,2.7E+06,2.7E+06,4.1E+06,3.9E+06,4.0E+06,3.3E+06,-0.6,
1244.8165:26.4,1244.816467,26.40666667,2,2.5E+06,2.7E+06,2.6E+06,9.6E+05,7.1E+06,4.0E+06,3.3E+06,-0.6,
2719.1183:19.7,2719.118347,19.69745833,4,5.0E+06,3.6E+06,4.3E+06,1.4E+06,3.0E+06,2.2E+06,3.3E+06,1.0,
539.0713:2.4,539.0713179,2.363533333,2,4.4E+06,1.9E+06,3.2E+06,3.1E+06,3.3E+06,3.2E+06,3.2E+06,0.0,
554.0404:1.9,554.0403976,1.930225,4,1.5E+06,2.6E+06,2.1E+06,4.4E+06,4.0E+06,4.2E+06,3.1E+06,-1.0,
565.2154:22.2,565.2153625,22.22070833,4,9.7E+05,3.9E+06,2.4E+06,3.5E+06,3.7E+06,3.6E+06,3.0E+06,-0.6,
1947.8495:26.9,1947.849518,26.94729167,4,3.5E+06,6.5E+06,5.0E+06,1.2E+06,8.2E+05,1.0E+06,3.0E+06,2.3,
8373.6527:39.3,8373.65271,39.322125,4,4.3E+06,3.3E+06,3.8E+06,1.7E+06,2.7E+06,2.2E+06,3.0E+06,0.8,
2051.0144:25.6,2051.014422,25.55095833,2,1.4E+06,3.7E+06,2.6E+06,4.1E+06,2.8E+06,3.5E+06,3.0E+06,-0.4,
5830.7896:21.3,5830.789625,21.2695,2,7.1E+06,3.9E+06,5.5E+06,4.3E+05,5.0E+05,4.7E+05,3.0E+06,3.6,
8373.6713:37.9,8373.671265,37.93183333,4,6.1E+06,2.5E+06,4.3E+06,1.0E+06,2.3E+06,1.7E+06,3.0E+06,1.4,
576.0145:1.3,576.0144641,1.2821375,2,4.8E+06,2.1E+06,3.5E+06,2.7E+06,2.3E+06,2.5E+06,3.0E+06,0.5,
475.2407:6.3,475.2407496,6.3285875,2,4.5E+06,3.9E+06,4.2E+06,1.2E+06,2.3E+06,1.8E+06,3.0E+06,1.3,
1112.3611:15,1112.361084,15.0075875,4,4.5E+06,5.3E+06,4.9E+06,1.3E+06,7.8E+05,1.0E+06,3.0E+06,2.2,
5916.8093:22.9,5916.809312,22.90175,2,3.0E+06,6.6E+05,1.8E+06,3.6E+06,4.5E+06,4.1E+06,2.9E+06,-1.1,
1255.6304:18.6,1255.630417,18.641375,4,3.6E+06,1.8E+06,2.7E+06,3.7E+06,2.6E+06,3.2E+06,2.9E+06,-0.2,
8373.6423:40.8,8373.642334,40.76054167,2,2.4E+06,7.4E+06,4.9E+06,6.9E+05,1.2E+06,9.5E+05,2.9E+06,2.4,
8373.6528:36.5,8373.652832,36.52829167,4,2.6E+06,4.6E+06,3.6E+06,1.6E+06,2.7E+06,2.2E+06,2.9E+06,0.7,
8373.67:32.6,8373.670003,32.59041667,2,3.0E+06,7.4E+06,5.2E+06,3.8E+05,6.9E+05,5.4E+05,2.9E+06,3.3,
808.3985:15.6,808.3984909,15.61592917,2,2.3E+06,3.9E+06,3.1E+06,2.6E+06,2.5E+06,2.6E+06,2.8E+06,0.3,
8186.6395:32.4,8186.639521,32.38166667,2,1.3E+06,1.4E+06,1.4E+06,7.2E+06,1.3E+06,4.3E+06,2.8E+06,-1.7,
452.1606:48.7,452.1605533,48.709375,2,3.2E+05,6.9E+05,5.1E+05,5.1E+06,5.0E+06,5.1E+06,2.8E+06,-3.3,
4409.9164:35.4,4409.916406,35.42908333,2,3.6E+06,3.4E+06,3.5E+06,2.8E+06,1.1E+06,2.0E+06,2.7E+06,0.8,
524.079:2.5,524.079039,2.536116667,2,1.4E+06,2.3E+06,1.9E+06,4.4E+06,2.7E+06,3.6E+06,2.7E+06,-0.9,
356.2059:2.8,356.2059286,2.7522875,2,6.9E+06,1.6E+06,4.3E+06,1.2E+06,1.1E+06,1.2E+06,2.7E+06,1.9,
8373.6549:38.7,8373.654907,38.69104167,2,2.3E+06,5.7E+06,4.0E+06,1.4E+06,1.3E+06,1.4E+06,2.7E+06,1.6,
470.1103:1.3,470.1103058,1.258679167,4,3.2E+06,2.3E+06,2.8E+06,3.5E+06,1.7E+06,2.6E+06,2.7E+06,0.1,
1161.5059:14.3,1161.50592,14.3059625,4,2.2E+06,2.8E+06,2.5E+06,2.8E+06,2.8E+06,2.8E+06,2.7E+06,-0.2,
495.333:57.9,495.3329606,57.86825,2,2.7E+05,4.2E+05,3.5E+05,4.8E+06,5.1E+06,5.0E+06,2.6E+06,-3.8,
1839.851:13.6,1839.851024,13.63775417,2,5.0E+06,5.1E+06,5.1E+06,2.0E+05,1.8E+05,1.9E+05,2.6E+06,4.7,
8203.6622:38.3,8203.662183,38.28558333,2,5.3E+05,7.9E+05,6.6E+05,2.2E+06,6.8E+06,4.5E+06,2.6E+06,-2.8,
2736.15:27.9,2736.15,27.867625,2,3.7E+06,4.0E+06,3.9E+06,1.0E+06,1.4E+06,1.2E+06,2.5E+06,1.7,
303.2923:57.5,303.2922592,57.540125,4,1.4E+06,3.9E+06,2.7E+06,2.4E+06,2.4E+06,2.4E+06,2.5E+06,0.1,
6076.7721:18.1,6076.772095,18.10258333,2,0.0E+00,0.0E+00,0.0E+00,8.6E+06,1.4E+06,5.0E+06,2.5E+06,#ZAHL!,
4164.7459:22.4,4164.745911,22.38641667,4,2.0E+06,3.1E+06,2.6E+06,2.9E+06,1.9E+06,2.4E+06,2.5E+06,0.1,
1191.6625:34,1191.662547,33.99170833,2,3.5E+05,2.7E+06,1.5E+06,3.3E+06,3.4E+06,3.4E+06,2.4E+06,-1.1,
731.2207:20.6,731.2207489,20.6245,4,6.0E+05,8.4E+05,7.2E+05,3.1E+06,5.2E+06,4.2E+06,2.4E+06,-2.5,
8260.6814:34.6,8260.681396,34.58566667,2,0.0E+00,0.0E+00,0.0E+00,4.8E+06,4.8E+06,4.8E+06,2.4E+06,#ZAHL!,
8373.6534:39.9,8373.653442,39.89895833,4,3.1E+06,3.6E+06,3.4E+06,1.4E+06,1.4E+06,1.4E+06,2.4E+06,1.3,
487.2187:58.2,487.2186813,58.16541667,4,2.7E+06,1.9E+06,2.3E+06,4.5E+06,3.2E+05,2.4E+06,2.4E+06,-0.1,
942.3829:37.4,942.3829269,37.40654167,4,9.4E+05,3.6E+06,2.3E+06,2.5E+06,2.2E+06,2.4E+06,2.3E+06,0.0,
636.0355:2.4,636.0355453,2.352416667,4,4.0E+06,1.7E+06,2.9E+06,2.2E+06,1.2E+06,1.7E+06,2.3E+06,0.7,
8373.651:41.9,8373.651001,41.869375,4,1.4E+06,4.1E+06,2.8E+06,2.5E+06,9.7E+05,1.7E+06,2.2E+06,0.7,
1429.6118:16.9,1429.611798,16.940125,2,2.9E+06,3.1E+06,3.0E+06,2.0E+06,9.2E+05,1.5E+06,2.2E+06,1.0,
807.3533:17.4,807.3533257,17.39420833,2,2.3E+06,5.0E+06,3.7E+06,7.4E+05,8.1E+05,7.8E+05,2.2E+06,2.2,
8672.7764:29.4,8672.776404,29.39183333,2,3.1E+06,3.2E+06,3.2E+06,4.5E+05,1.9E+06,1.2E+06,2.2E+06,1.4,
8672.7688:30.1,8672.768823,30.056875,2,4.6E+06,3.0E+06,3.8E+06,4.1E+05,5.8E+05,5.0E+05,2.1E+06,2.9,
1724.6971:21.9,1724.697094,21.926,2,8.4E+05,2.0E+06,1.4E+06,2.7E+06,2.9E+06,2.8E+06,2.1E+06,-1.0,
8248.6347:29.3,8248.634668,29.34545833,2,3.3E+06,4.5E+06,3.9E+06,1.6E+05,4.6E+05,3.1E+05,2.1E+06,3.7,
311.9815:2.9,311.9815216,2.875445833,4,6.2E+05,4.1E+06,2.4E+06,2.4E+06,1.3E+06,1.9E+06,2.1E+06,0.4,
1372.4449:17.5,1372.444946,17.49858333,4,2.0E+06,2.2E+06,2.1E+06,2.4E+06,1.8E+06,2.1E+06,2.1E+06,0.0,
1291.7169:26.1,1291.716858,26.14666667,2,0.0E+00,0.0E+00,0.0E+00,4.6E+06,3.8E+06,4.2E+06,2.1E+06,#ZAHL!,
4587.0013:37.1,4587.001338,37.12141667,2,3.6E+04,1.1E+05,7.3E+04,3.4E+06,4.8E+06,4.1E+06,2.1E+06,-5.8,
378.1077:1.6,378.1076949,1.567579167,2,1.9E+06,3.0E+06,2.5E+06,1.6E+06,1.6E+06,1.6E+06,2.0E+06,0.6,
524.0794:3.3,524.079361,3.331795833,4,2.8E+06,6.5E+05,1.7E+06,3.3E+06,1.1E+06,2.2E+06,2.0E+06,-0.4,
8247.6262:29.3,8247.626221,29.29295833,2,4.0E+06,3.2E+06,3.6E+06,2.5E+05,3.7E+05,3.1E+05,2.0E+06,3.5,
7170.2761:22.3,7170.276123,22.32441667,4,1.4E+06,1.5E+06,1.5E+06,2.9E+06,2.0E+06,2.5E+06,2.0E+06,-0.8,
321.1302:4.9,321.1301524,4.875895833,2,3.8E+05,1.1E+06,7.4E+05,3.2E+06,3.0E+06,3.1E+06,1.9E+06,-2.1,
1777.805:8.9,1777.805015,8.938204167,2,5.8E+05,3.2E+06,1.9E+06,1.5E+06,2.3E+06,1.9E+06,1.9E+06,0.0,
5953.6223:21.2,5953.622253,21.153375,4,1.2E+06,2.2E+06,1.7E+06,2.8E+06,1.3E+06,2.1E+06,1.9E+06,-0.3,
320.1233:14.3,320.1233044,14.32185,2,4.7E+05,1.2E+06,8.4E+05,2.1E+06,3.7E+06,2.9E+06,1.9E+06,-1.8,
722.408:16.9,722.4079952,16.94254167,2,5.9E+05,7.7E+05,6.8E+05,3.1E+06,2.9E+06,3.0E+06,1.8E+06,-2.1,
8374.6573:38.1,8374.657308,38.14291667,2,1.4E+06,2.0E+06,1.7E+06,1.9E+06,1.9E+06,1.9E+06,1.8E+06,-0.2,
412.2324:18.9,412.2323963,18.87275,2,2.9E+06,1.1E+06,2.0E+06,1.4E+06,1.7E+06,1.6E+06,1.8E+06,0.4,
2281.9257:30.9,2281.925691,30.92183333,2,3.3E+06,2.5E+06,2.9E+06,2.9E+05,1.0E+06,6.5E+05,1.8E+06,2.2,
647.2533:6.1,647.2532768,6.097708333,2,4.1E+06,2.1E+06,3.1E+06,3.5E+05,4.6E+05,4.1E+05,1.8E+06,2.9,
1264.4502:24.3,1264.450155,24.25679167,2,1.6E+06,2.2E+06,1.9E+06,1.3E+06,1.9E+06,1.6E+06,1.8E+06,0.2,
497.2227:6.3,497.2226589,6.34195,2,2.3E+06,3.3E+06,2.8E+06,1.0E+06,4.0E+05,7.0E+05,1.8E+06,2.0,
477.2313:4.2,477.2312584,4.245666667,4,1.6E+06,1.6E+06,1.6E+06,1.4E+06,2.4E+06,1.9E+06,1.8E+06,-0.2,
3635.6553:12.5,3635.655301,12.5391375,2,2.9E+05,2.8E+05,2.9E+05,3.7E+06,2.4E+06,3.1E+06,1.7E+06,-3.4,
4430.9414:34.4,4430.941406,34.40633333,2,0.0E+00,0.0E+00,0.0E+00,3.9E+06,2.7E+06,3.3E+06,1.7E+06,#ZAHL!,
316.0686:3.5,316.0685884,3.470408333,2,1.8E+06,2.2E+06,2.0E+06,1.0E+06,1.6E+06,1.3E+06,1.7E+06,0.6,
10277.6235:24.7,10277.62354,24.70041667,2,0.0E+00,0.0E+00,0.0E+00,5.8E+06,7.4E+05,3.3E+06,1.6E+06,#ZAHL!,
8247.6297:31.4,8247.629726,31.3565,2,3.7E+06,1.9E+06,2.8E+06,8.1E+05,1.3E+05,4.7E+05,1.6E+06,2.6,
584.0734:1.6,584.073389,1.618841667,2,7.3E+05,1.5E+06,1.1E+06,1.6E+06,2.6E+06,2.1E+06,1.6E+06,-0.9,
8203.6622:42.2,8203.66217,42.19129167,2,9.1E+04,1.3E+05,1.1E+05,3.3E+06,2.7E+06,3.0E+06,1.6E+06,-4.8,
1049.4704:6.5,1049.470382,6.53365,2,2.0E+06,2.3E+06,2.2E+06,1.0E+06,7.9E+05,9.0E+05,1.5E+06,1.3,
666.0459:1.5,666.0458781,1.5421,2,2.0E+06,1.2E+06,1.6E+06,2.0E+06,8.5E+05,1.4E+06,1.5E+06,0.2,
788.1285:2.3,788.1285301,2.319795833,2,1.8E+06,1.7E+06,1.8E+06,1.4E+06,1.1E+06,1.3E+06,1.5E+06,0.5,
8204.6659:45.2,8204.665934,45.18516667,2,3.4E+04,2.5E+04,3.0E+04,1.7E+06,4.1E+06,2.9E+06,1.5E+06,-6.6,
8203.6615:44.7,8203.661548,44.68958333,2,4.6E+04,1.3E+05,8.8E+04,2.5E+06,3.1E+06,2.8E+06,1.4E+06,-5.0,
8247.6333:34.6,8247.633301,34.64883333,2,9.5E+05,4.1E+06,2.5E+06,3.4E+05,3.5E+05,3.5E+05,1.4E+06,2.9,
598.089:1.6,598.0890299,1.6328875,2,8.6E+05,5.2E+05,6.9E+05,1.6E+06,2.7E+06,2.2E+06,1.4E+06,-1.6,
1827.7744:14.1,1827.774385,14.13311667,2,1.9E+06,1.9E+06,1.9E+06,1.0E+06,7.3E+05,8.7E+05,1.4E+06,1.1,
8672.7659:31,8672.765869,30.96445833,4,1.2E+06,2.6E+06,1.9E+06,8.7E+05,8.4E+05,8.6E+05,1.4E+06,1.2,
1247.8186:26.5,1247.818629,26.54104167,2,2.8E+06,1.2E+06,2.0E+06,9.0E+05,5.9E+05,7.5E+05,1.4E+06,1.4,
9828.4787:27.8,9828.478699,27.759125,2,1.0E+06,4.0E+06,2.5E+06,2.7E+05,1.9E+05,2.3E+05,1.4E+06,3.4,
8204.6584:39.8,8204.658374,39.80091667,2,2.7E+05,4.7E+05,3.7E+05,2.4E+06,2.3E+06,2.4E+06,1.4E+06,-2.7,
408.1683:48.5,408.1682695,48.53916667,2,1.1E+06,8.0E+05,9.5E+05,1.7E+06,1.8E+06,1.8E+06,1.4E+06,-0.9,
400.1389:1.7,400.1388793,1.728345833,2,1.2E+06,1.4E+06,1.3E+06,1.1E+06,1.6E+06,1.4E+06,1.3E+06,-0.1,
765.3124:17.9,765.3124204,17.90025,2,2.9E+05,1.1E+05,2.0E+05,2.6E+06,2.2E+06,2.4E+06,1.3E+06,-3.6,
9984.5381:25.8,9984.538086,25.76358333,2,2.7E+06,1.6E+06,2.2E+06,8.2E+04,7.7E+05,4.3E+05,1.3E+06,2.3,
7753.4118:32.9,7753.411784,32.85479167,2,3.1E+05,1.0E+06,6.6E+05,2.0E+06,1.8E+06,1.9E+06,1.3E+06,-1.5,
8247.6198:33.2,8247.619832,33.16929167,2,2.9E+06,1.5E+06,2.2E+06,2.2E+05,4.7E+05,3.5E+05,1.3E+06,2.7,
8204.6616:42.5,8204.661572,42.5175,2,1.3E+05,1.6E+05,1.5E+05,2.4E+06,2.4E+06,2.4E+06,1.3E+06,-4.0,
8203.659:43.1,8203.659041,43.13129167,2,7.3E+04,1.6E+05,1.2E+05,2.7E+06,2.1E+06,2.4E+06,1.3E+06,-4.4,
340.2595:59.9,340.2594888,59.935375,2,6.2E+05,1.2E+06,9.1E+05,1.3E+06,1.9E+06,1.6E+06,1.3E+06,-0.8,
2718.1709:18,2718.170868,17.95758333,2,1.5E+06,2.7E+06,2.1E+06,5.1E+05,2.9E+05,4.0E+05,1.3E+06,2.4,
8373.6505:53.3,8373.650513,53.328375,4,1.6E+06,1.9E+06,1.8E+06,6.3E+05,8.3E+05,7.3E+05,1.2E+06,1.3,
8373.6578:55.2,8373.657843,55.19308333,2,1.5E+06,2.7E+06,2.1E+06,4.7E+05,2.4E+05,3.6E+05,1.2E+06,2.6,
8247.6199:35.5,8247.619944,35.46429167,2,2.8E+06,1.5E+06,2.2E+06,3.0E+05,1.6E+05,2.3E+05,1.2E+06,3.2,
564.0411:2.9,564.0410538,2.936783333,4,9.5E+05,8.9E+05,9.2E+05,1.6E+06,1.3E+06,1.5E+06,1.2E+06,-0.7,
8203.6563:53.2,8203.65625,53.20558333,2,5.5E+04,5.4E+04,5.5E+04,2.3E+06,2.3E+06,2.3E+06,1.2E+06,-5.4,
534.2962:39.5,534.2962189,39.53016667,4,1.5E+06,8.2E+05,1.2E+06,1.1E+06,1.2E+06,1.2E+06,1.2E+06,0.0,
8203.6489:45.3,8203.648926,45.26866667,2,4.6E+04,4.8E+04,4.7E+04,2.9E+06,1.6E+06,2.3E+06,1.1E+06,-5.6,
2276.8567:40,2276.856669,40.03879167,2,1.5E+05,3.6E+04,9.3E+04,2.2E+06,2.2E+06,2.2E+06,1.1E+06,-4.6,
8373.6575:42.8,8373.657532,42.84929167,2,5.5E+05,8.9E+05,7.2E+05,9.6E+05,2.1E+06,1.5E+06,1.1E+06,-1.1,
569.0818:1.6,569.0817591,1.628079167,2,8.1E+05,1.9E+06,1.4E+06,1.3E+06,4.1E+05,8.6E+05,1.1E+06,0.7,
8366.6975:32.9,8366.69751,32.85891667,2,0.0E+00,0.0E+00,0.0E+00,3.7E+06,7.1E+05,2.2E+06,1.1E+06,#ZAHL!,
1031.4814:22.1,1031.481432,22.05816667,2,7.7E+05,1.7E+06,1.2E+06,4.4E+05,1.5E+06,9.7E+05,1.1E+06,0.3,
8204.6669:44.7,8204.66687,44.68316667,2,4.8E+04,3.5E+04,4.2E+04,2.7E+06,1.5E+06,2.1E+06,1.1E+06,-5.7,
672.1158:1.2,672.1158346,1.221183333,2,1.5E+06,1.5E+06,1.5E+06,1.1E+06,1.6E+05,6.3E+05,1.1E+06,1.3,
8204.6657:54.3,8204.66569,54.33891667,2,3.5E+04,3.3E+04,3.4E+04,1.4E+06,2.7E+06,2.1E+06,1.0E+06,-5.9,
8247.6291:29.9,8247.629061,29.935,2,2.0E+06,1.7E+06,1.9E+06,2.5E+05,2.0E+05,2.3E+05,1.0E+06,3.0,
742.3609:20.3,742.3608971,20.25608333,2,2.5E+06,1.3E+06,1.9E+06,1.7E+05,3.7E+04,1.0E+05,1.0E+06,4.2,
8373.6467:54.7,8373.646729,54.68883333,4,1.2E+06,1.4E+06,1.3E+06,5.8E+05,7.9E+05,6.9E+05,9.9E+05,0.9,
959.3511:15,959.3511457,15.02894167,2,1.7E+06,1.3E+06,1.5E+06,4.6E+05,4.4E+05,4.5E+05,9.8E+05,1.7,
4163.7933:21.1,4163.793286,21.06183333,2,2.2E+06,9.8E+05,1.6E+06,1.7E+05,4.4E+05,3.1E+05,9.5E+05,2.4,
1053.4659:4.8,1053.465943,4.7647125,2,1.8E+06,1.1E+06,1.5E+06,3.4E+05,4.7E+05,4.1E+05,9.3E+05,1.8,
8374.6576:54,8374.657552,53.96308333,2,1.3E+06,1.7E+06,1.5E+06,5.3E+05,1.7E+05,3.5E+05,9.3E+05,2.1,
8373.6467:45,8373.646744,44.98345833,2,9.3E+05,1.7E+06,1.3E+06,5.3E+05,4.1E+05,4.7E+05,8.9E+05,1.5,
8204.6678:53.7,8204.667847,53.726625,2,3.5E+04,3.3E+04,3.4E+04,1.8E+06,1.7E+06,1.8E+06,8.9E+05,-5.7,
743.2572:4.3,743.2572174,4.250245833,4,7.9E+05,9.8E+05,8.9E+05,8.4E+05,8.8E+05,8.6E+05,8.7E+05,0.0,
8243.6048:32.9,8243.604818,32.86194444,2,2.2E+05,0.0E+00,1.1E+05,8.4E+05,2.4E+06,1.6E+06,8.7E+05,-3.9,
8092.6325:29.9,8092.632487,29.87394444,2,0.0E+00,4.0E+04,2.0E+04,2.4E+06,1.0E+06,1.7E+06,8.6E+05,-6.4,
8373.6552:29.7,8373.655151,29.70058333,2,1.0E+06,1.5E+06,1.3E+06,2.0E+05,7.2E+05,4.6E+05,8.6E+05,1.4,
6799.9996:22.6,6799.999634,22.60654167,2,7.7E+05,8.8E+05,8.3E+05,8.4E+05,9.2E+05,8.8E+05,8.5E+05,-0.1,
962.0969:1,962.0968628,1.049025,2,1.6E+06,1.8E+06,1.7E+06,0.0E+00,0.0E+00,0.0E+00,8.5E+05,#DIV/0!,
9960.5568:28,9960.556763,27.98791667,2,1.0E+06,1.1E+06,1.1E+06,7.1E+05,5.8E+05,6.5E+05,8.5E+05,0.7,
434.2144:18.9,434.2143517,18.86608333,4,1.3E+06,1.3E+06,1.3E+06,3.3E+05,3.9E+05,3.6E+05,8.3E+05,1.9,
1468.5836:9.9,1468.58365,9.900895833,2,1.9E+06,1.1E+06,1.5E+06,1.0E+05,1.1E+05,1.1E+05,8.0E+05,3.8,
591.9877:3.3,591.9877164,3.292425,2,4.4E+05,1.0E+06,7.2E+05,5.7E+05,1.2E+06,8.9E+05,8.0E+05,-0.3,
2260.8889:40.1,2260.888862,40.10405556,2,3.9E+04,0.0E+00,2.0E+04,2.5E+06,6.6E+05,1.6E+06,8.0E+05,-6.3,
8203.6582:48.8,8203.658244,48.80633333,2,2.5E+04,2.5E+04,2.5E+04,1.7E+06,1.4E+06,1.6E+06,7.9E+05,-6.0,
490.165:36.1,490.1650009,36.09970833,4,8.8E+05,1.0E+06,9.4E+05,2.7E+05,1.0E+06,6.4E+05,7.9E+05,0.6,
788.1294:3.4,788.1293564,3.362179167,4,8.4E+05,7.9E+05,8.2E+05,6.9E+05,8.2E+05,7.6E+05,7.9E+05,0.1,
8672.7548:32.1,8672.754761,32.08775,2,7.5E+05,1.4E+06,1.1E+06,4.6E+05,4.9E+05,4.8E+05,7.8E+05,1.2,
8203.6568:56.7,8203.656779,56.74445833,2,1.8E+04,5.0E+04,3.4E+04,1.1E+06,1.9E+06,1.5E+06,7.7E+05,-5.5,
8261.6814:35.2,8261.681396,35.19933333,2,0.0E+00,0.0E+00,0.0E+00,2.4E+06,6.5E+05,1.5E+06,7.6E+05,#ZAHL!,
572.3287:4.2,572.3286537,4.243266667,2,1.8E+05,3.4E+05,2.6E+05,6.8E+05,1.8E+06,1.2E+06,7.5E+05,-2.3,
8203.6594:52.8,8203.659424,52.758625,2,5.4E+04,5.4E+04,5.4E+04,1.7E+06,1.1E+06,1.4E+06,7.3E+05,-4.7,
432.2011:16.2,432.2011141,16.1771875,2,3.5E+04,1.6E+05,9.8E+04,1.5E+06,1.2E+06,1.4E+06,7.2E+05,-3.8,
8373.6541:48.9,8373.654053,48.86245833,2,9.8E+05,1.3E+06,1.1E+06,1.9E+05,4.2E+05,3.1E+05,7.2E+05,1.9,
8204.6626:56.8,8204.662567,56.80633333,2,2.0E+04,3.4E+04,2.7E+04,9.0E+05,1.9E+06,1.4E+06,7.1E+05,-5.7,
8671.7583:31.3,8671.758301,31.34725,2,7.9E+05,1.4E+06,1.1E+06,4.2E+05,2.4E+05,3.3E+05,7.1E+05,1.7,
1936.8765:30.9,1936.876457,30.92227778,2,9.0E+05,1.4E+06,1.2E+06,0.0E+00,5.4E+05,2.7E+05,7.1E+05,2.1,
8247.6207:38.2,8247.620692,38.18658333,2,6.0E+05,2.0E+06,1.3E+06,8.3E+04,1.3E+05,1.1E+05,7.0E+05,3.6,
8260.6716:35.3,8260.671631,35.26558333,2,0.0E+00,0.0E+00,0.0E+00,1.6E+06,1.2E+06,1.4E+06,7.0E+05,#ZAHL!,
8247.6205:36.3,8247.620453,36.32445833,2,9.9E+05,1.4E+06,1.2E+06,2.4E+05,1.7E+05,2.1E+05,7.0E+05,2.5,
8204.6627:55.1,8204.66272,55.12020833,2,3.8E+04,5.4E+04,4.6E+04,1.2E+06,1.4E+06,1.3E+06,6.7E+05,-4.8,
539.0715:3.3,539.0715383,3.336758333,2,9.7E+05,6.4E+05,8.1E+05,3.6E+05,7.0E+05,5.3E+05,6.7E+05,0.6,
9977.5496:27.6,9977.549642,27.59975,2,1.7E+06,7.7E+05,1.2E+06,7.9E+04,7.0E+04,7.5E+04,6.5E+05,4.1,
8247.6173:36.8,8247.61731,36.83820833,2,1.1E+06,1.2E+06,1.2E+06,9.8E+04,1.9E+05,1.4E+05,6.5E+05,3.0,
606.0251:1.6,606.0250829,1.612116667,2,6.4E+05,9.6E+05,8.0E+05,2.2E+05,7.2E+05,4.7E+05,6.4E+05,0.8,
831.2346:59.7,831.2346489,59.69791667,2,3.1E+05,1.7E+05,2.4E+05,9.5E+05,9.9E+05,9.7E+05,6.1E+05,-2.0,
8204.6763:49.8,8204.67631,49.76933333,2,2.6E+04,2.7E+04,2.7E+04,1.0E+06,1.3E+06,1.2E+06,5.9E+05,-5.4,
8373.6555:50.4,8373.655477,50.38966667,2,9.9E+05,1.1E+06,1.0E+06,1.0E+05,1.3E+05,1.2E+05,5.8E+05,3.2,
8204.6719:47.6,8204.671875,47.59358333,2,0.0E+00,0.0E+00,0.0E+00,8.8E+05,1.2E+06,1.0E+06,5.2E+05,#ZAHL!,
9828.472:30.2,9828.472005,30.21654167,2,9.2E+05,1.1E+06,1.0E+06,2.0E+04,1.8E+04,1.9E+04,5.1E+05,5.7,
8203.659:56.1,8203.658966,56.13875,2,5.4E+04,5.0E+04,5.2E+04,1.1E+06,8.5E+05,9.8E+05,5.1E+05,-4.2,
8671.7633:33.2,8671.763346,33.230375,2,6.3E+05,8.8E+05,7.6E+05,3.0E+05,2.3E+05,2.7E+05,5.1E+05,1.5,
8204.6555:52,8204.655518,52.007,2,0.0E+00,0.0E+00,0.0E+00,9.0E+05,1.1E+06,1.0E+06,5.0E+05,#ZAHL!,
9829.481:29.9,9829.480957,29.87045833,2,8.9E+05,9.3E+05,9.1E+05,1.5E+04,4.5E+04,3.0E+04,4.7E+05,4.9,
8203.6664:58.7,8203.666423,58.68195833,2,1.4E+04,2.3E+04,1.9E+04,9.4E+05,8.5E+05,9.0E+05,4.6E+05,-5.6,
3807.7138:13.4,3807.713762,13.35276667,2,3.4E+04,6.8E+04,5.1E+04,8.1E+05,9.1E+05,8.6E+05,4.6E+05,-4.1,
8203.6587:58.4,8203.658691,58.40408333,2,1.4E+04,2.3E+04,1.9E+04,6.6E+05,1.0E+06,8.3E+05,4.2E+05,-5.5,
8247.6254:39.9,8247.625422,39.87625,2,7.3E+05,7.4E+05,7.4E+05,7.7E+04,1.4E+05,1.1E+05,4.2E+05,2.8,
8203.6504:52,8203.650391,52.007,2,0.0E+00,0.0E+00,0.0E+00,8.9E+05,7.7E+05,8.3E+05,4.2E+05,#ZAHL!,
9829.4773:29,9829.477254,29.006,2,6.1E+05,9.2E+05,7.7E+05,1.6E+04,9.0E+04,5.3E+04,4.1E+05,3.9,
2238.9383:35.7,2238.938293,35.74775,2,0.0E+00,0.0E+00,0.0E+00,5.3E+05,1.1E+06,8.2E+05,4.1E+05,#ZAHL!,
8247.6243:41.1,8247.624288,41.14079167,2,6.1E+05,7.2E+05,6.7E+05,6.1E+04,1.8E+05,1.2E+05,3.9E+05,2.5,
1255.6414:5.2,1255.64136,5.1604625,2,9.9E+05,3.5E+05,6.7E+05,9.3E+04,9.6E+04,9.5E+04,3.8E+05,2.8,
8672.7736:35.3,8672.77356,35.33666667,2,4.5E+05,4.5E+05,4.5E+05,1.3E+05,4.2E+05,2.8E+05,3.6E+05,0.7,
8373.6521:58.7,8373.6521,58.73283333,2,5.6E+05,5.7E+05,5.7E+05,9.6E+04,9.6E+04,9.6E+04,3.3E+05,2.6,
609.1778:56.1,609.1778259,56.10916667,2,0.0E+00,0.0E+00,0.0E+00,3.6E+05,9.1E+05,6.4E+05,3.2E+05,#ZAHL!,
9829.4811:30.9,9829.48112,30.90822222,2,6.7E+05,5.4E+05,6.1E+05,0.0E+00,4.2E+04,2.1E+04,3.1E+05,4.8,
883.4291:14.7,883.4290799,14.70896667,2,2.3E+05,6.2E+05,4.3E+05,4.7E+04,4.9E+04,4.8E+04,2.4E+05,3.1,
